id;nombre;apellido;email;telefono;fecha_nacimiento;genero;iglesia;denominacion;fecha_registro;ultima_actividad;activo
1;inscribe;aw consequently that;"D^4z2B@_xG.)G-";superficial;2025-05-31;FEMENINO;better;failing overcharge;2025-05-31T10:19:43;2025-05-31T19:06:11;true
2;worth;boohoo stealthily stealthily;"fY@HQ.#";boo sun as;2025-05-31;FEMENINO;eek vibration;obtrude discrete sleepily;2025-05-31T00:13:36;2025-05-31T02:59:33;true
3;instead;categorise;"_!8BCA@\<TW.L";brood gadzooks;2025-05-31;FEMENINO;putrefy blight;considering;2025-05-31T00:58:53;2025-05-31T08:16:57;true
4;cautiously brr zowie;reproachfully;"!FKv9@#EcEl.QE";easily for helpful;2025-05-31;FEMENINO;viciously meanwhile;politely;2025-05-31T23:13:06;2025-05-31T22:57:39;false
5;suddenly sweetly helplessly;furthermore;"X@)E.7";peony but;2025-05-31;OTRO;swift vice;commonly quick;2025-05-31T06:38:25;2025-05-31T13:33:54;true
6;except so huddle;drat;",=@fu.K}";quicker greatly;2025-05-31;MASCULINO;or hastily an;unfit;2025-05-31T20:14:20;2025-05-31T10:46:06;true
7;to;knavishly;"D!k@B.W#";scared topsail;2025-05-31;OTRO;so;newsletter er hence;2025-05-31T00:26:00;2025-05-31T15:40:45;false
8;that;convoke ample;"F\1*;w@z.27``!";blindly;2025-05-31;PREFIERO_NO_DECIR;antelope;circumference greedily twine;2025-05-31T16:49:08;2025-05-31T11:30:03;false
9;mid apud deprave;boohoo;"~HhV@k;B.KHmA";whenever;2025-05-31;OTRO;about regarding;fence;2025-05-31T06:51:13;2025-05-31T15:51:04;true
10;provided;solidly goat when;"2@[!iJgk.Ibf`YL";surprisingly;2025-05-31;FEMENINO;quaintly ha;bourgeoisie kindheartedly;2025-05-31T17:41:44;2025-05-31T04:22:59;true
